<?xml version="1.0" encoding="UTF-8"?>
<project-private xmlns="http://www.netbeans.org/ns/project-private/1">
    <editor-bookmarks xmlns="http://www.netbeans.org/ns/editor-bookmarks/2" lastBookmarkId="0"/>
    <open-files xmlns="http://www.netbeans.org/ns/projectui-open-files/2">
        <group>
            <file>file:/C:/Users/Agustin/OneDrive/Documentos/NetBeansProjects/TPI_Vehiculos/src/entities/Cobertura.java</file>
            <file>file:/C:/Users/Agustin/OneDrive/Documentos/NetBeansProjects/TPI_Vehiculos/src/entities/Vehiculo.java</file>
            <file>file:/C:/Users/Agustin/OneDrive/Documentos/NetBeansProjects/TPI_Vehiculos/src/menu/MenuPrincipal.java</file>
            <file>file:/C:/Users/Agustin/OneDrive/Documentos/NetBeansProjects/TPI_Vehiculos/src/service/SeguroVehicularServiceImpl.java</file>
            <file>file:/C:/Users/Agustin/OneDrive/Documentos/NetBeansProjects/TPI_Vehiculos/src/dao/SeguroVehicularDao.java</file>
            <file>file:/C:/Users/Agustin/OneDrive/Documentos/NetBeansProjects/TPI_Vehiculos/src/service/VehiculoService.java</file>
            <file>file:/C:/Users/Agustin/OneDrive/Documentos/NetBeansProjects/TPI_Vehiculos/src/service/SeguroVehicularService.java</file>
            <file>file:/C:/Users/Agustin/OneDrive/Documentos/NetBeansProjects/TPI_Vehiculos/src/dao/VehiculoDaoImpl.java</file>
            <file>file:/C:/Users/Agustin/OneDrive/Documentos/NetBeansProjects/TPI_Vehiculos/src/entities/Base.java</file>
            <file>file:/C:/Users/Agustin/OneDrive/Documentos/NetBeansProjects/TPI_Vehiculos/src/service/VehiculoServiceImpl.java</file>
            <file>file:/C:/Users/Agustin/OneDrive/Documentos/NetBeansProjects/TPI_Vehiculos/src/dao/GenericDao.java</file>
            <file>file:/C:/Users/Agustin/OneDrive/Documentos/NetBeansProjects/TPI_Vehiculos/src/entities/SeguroVehicular.java</file>
            <file>file:/C:/Users/Agustin/OneDrive/Documentos/NetBeansProjects/TPI_Vehiculos/src/config/DatabaseConnection.java</file>
            <file>file:/C:/Users/Agustin/OneDrive/Documentos/NetBeansProjects/TPI_Vehiculos/src/service/GenericService.java</file>
            <file>file:/C:/Users/Agustin/OneDrive/Documentos/NetBeansProjects/TPI_Vehiculos/src/dao/SeguroVehicularDaoImpl.java</file>
            <file>file:/C:/Users/Agustin/OneDrive/Documentos/NetBeansProjects/TPI_Vehiculos/src/config/TestConexion.java</file>
            <file>file:/C:/Users/Agustin/OneDrive/Documentos/NetBeansProjects/TPI_Vehiculos/src/dao/VehiculoDao.java</file>
        </group>
    </open-files>
</project-private>
